1372C386-1409-4D26-A9C7-CB84A37F2F1C#appfire#CartService#appfire#com.shopping.app.server.service.CartService#appfire#{"resourceMapping":"/Cart","defaultMethodType":"","defaultContentType":""}#appfire#{"repository":{"filePath":"shoppingportal/src/main/java/com/shopping/app/server/service/CartService.java","fileName":"CartService.java"},"implementInterface":[],"extendsClass":[],"repositories":[{"repository":{"filePath":"shoppingportal/src/main/java/com/shopping/app/server/repository/CartRepositoryImpl.java","fileName":"CartRepositoryImpl.java"},"implementInterface":[{"filePath":"shoppingportal/src/main/java/com/shopping/app/server/repository/CartRepository.java","fileName":"CartRepository.java"}],"extendsClass":[{"fileName":"SearchInterfaceImpl.java","filePath":"shoppingportal/src/main/java/com/shopping/app/server/repository/SearchInterfaceImpl.java","isDisplay":false}],"entities":{"filePath":"shoppingportal/src/main/java/com/shopping/app/shared/onlineshopping/Cart.java","fileName":"Cart.java"}}]}#appfire#I#appfire#2CO6M2VLJDSV4VZJVRDFJQ#appfire#FCCC71C8-244B-48DD-ADCB-220BA5705C7D#appfire#1#appfire#\N#appfire#2015-12-04 09:52:20#appfire#\N#appfire#2015-12-04 09:52:20#appfire#1#appfire#1#appfire#FF6BD5FA-4588-41AE-B52C-744DF9663649
1415B3E4-8F3C-4A7D-9588-E703D97EA8E7#appfire#VillageService#appfire#com.shopping.app.server.service.VillageService#appfire#{"resourceMapping":"/Village","defaultMethodType":"","defaultContentType":""}#appfire#{"repository":{"filePath":"shoppingportal/src/main/java/com/shopping/app/server/service/VillageService.java","fileName":"VillageService.java"},"implementInterface":[],"extendsClass":[],"repositories":[{"repository":{"filePath":"shoppingportal/src/main/java/com/shopping/app/server/repository/VillageRepositoryImpl.java","fileName":"VillageRepositoryImpl.java"},"implementInterface":[{"filePath":"shoppingportal/src/main/java/com/shopping/app/server/repository/VillageRepository.java","fileName":"VillageRepository.java"}],"extendsClass":[{"fileName":"SearchInterfaceImpl.java","filePath":"shoppingportal/src/main/java/com/shopping/app/server/repository/SearchInterfaceImpl.java","isDisplay":false}],"entities":{"filePath":"shoppingportal/src/main/java/com/shopping/app/shared/location/Village.java","fileName":"Village.java"}}]}#appfire#I#appfire#2CO6M2VLJDSV4VZJVRDFJQ#appfire#FCCC71C8-244B-48DD-ADCB-220BA5705C7D#appfire#1#appfire#\N#appfire#2015-12-04 09:34:40#appfire#\N#appfire#2015-12-04 09:34:40#appfire#1#appfire#1#appfire#421E8F84-2B3E-4E0F-AB83-3795B9415EC8
1448A540-1EE8-435E-AB45-599002D5450E#appfire#CommunicationGroupService#appfire#com.shopping.app.server.service.CommunicationGroupService#appfire#{"resourceMapping":"/CommunicationGroup","defaultMethodType":"","defaultContentType":""}#appfire#{"repository":{"filePath":"shoppingportal/src/main/java/com/shopping/app/server/service/CommunicationGroupService.java","fileName":"CommunicationGroupService.java"},"implementInterface":[],"extendsClass":[],"repositories":[{"repository":{"filePath":"shoppingportal/src/main/java/com/shopping/app/server/repository/CommunicationGroupRepositoryImpl.java","fileName":"CommunicationGroupRepositoryImpl.java"},"implementInterface":[{"filePath":"shoppingportal/src/main/java/com/shopping/app/server/repository/CommunicationGroupRepository.java","fileName":"CommunicationGroupRepository.java"}],"extendsClass":[{"fileName":"SearchInterfaceImpl.java","filePath":"shoppingportal/src/main/java/com/shopping/app/server/repository/SearchInterfaceImpl.java","isDisplay":false}],"entities":{"filePath":"shoppingportal/src/main/java/com/shopping/app/shared/contacts/CommunicationGroup.java","fileName":"CommunicationGroup.java"}}]}#appfire#I#appfire#2CO6M2VLJDSV4VZJVRDFJQ#appfire#FCCC71C8-244B-48DD-ADCB-220BA5705C7D#appfire#1#appfire#\N#appfire#2015-12-04 09:34:47#appfire#\N#appfire#2015-12-04 09:34:47#appfire#1#appfire#1#appfire#E4605922-DDBA-4802-BE50-A6CC63DA47FD
1FB95C87-9CB2-431F-9574-227061333461#appfire#UserAccessDomainService#appfire#com.shopping.app.server.service.UserAccessDomainService#appfire#{"resourceMapping":"/UserAccessDomain","defaultMethodType":"","defaultContentType":""}#appfire#{"repository":{"filePath":"shoppingportal/src/main/java/com/shopping/app/server/service/UserAccessDomainService.java","fileName":"UserAccessDomainService.java"},"implementInterface":[],"extendsClass":[],"repositories":[{"repository":{"filePath":"shoppingportal/src/main/java/com/shopping/app/server/repository/UserAccessDomainRepositoryImpl.java","fileName":"UserAccessDomainRepositoryImpl.java"},"implementInterface":[{"filePath":"shoppingportal/src/main/java/com/shopping/app/server/repository/UserAccessDomainRepository.java","fileName":"UserAccessDomainRepository.java"}],"extendsClass":[{"fileName":"SearchInterfaceImpl.java","filePath":"shoppingportal/src/main/java/com/shopping/app/server/repository/SearchInterfaceImpl.java","isDisplay":false}],"entities":{"filePath":"shoppingportal/src/main/java/com/shopping/app/shared/authentication/UserAccessDomain.java","fileName":"UserAccessDomain.java"}}]}#appfire#I#appfire#2CO6M2VLJDSV4VZJVRDFJQ#appfire#FCCC71C8-244B-48DD-ADCB-220BA5705C7D#appfire#1#appfire#\N#appfire#2015-12-04 09:34:57#appfire#\N#appfire#2015-12-04 09:34:57#appfire#1#appfire#1#appfire#C2506AD7-3F1B-402F-99C7-68DE447173CC
207C5B20-C51A-4E0D-A743-532BD3F6779E#appfire#LoginService#appfire#com.shopping.app.server.service.LoginService#appfire#{"resourceMapping":"/Login","defaultMethodType":"","defaultContentType":""}#appfire#{"repository":{"filePath":"shoppingportal/src/main/java/com/shopping/app/server/service/LoginService.java","fileName":"LoginService.java"},"implementInterface":[],"extendsClass":[],"repositories":[{"repository":{"filePath":"shoppingportal/src/main/java/com/shopping/app/server/repository/LoginRepositoryImpl.java","fileName":"LoginRepositoryImpl.java"},"implementInterface":[{"filePath":"shoppingportal/src/main/java/com/shopping/app/server/repository/LoginRepository.java","fileName":"LoginRepository.java"}],"extendsClass":[{"fileName":"SearchInterfaceImpl.java","filePath":"shoppingportal/src/main/java/com/shopping/app/server/repository/SearchInterfaceImpl.java","isDisplay":false}],"entities":{"filePath":"shoppingportal/src/main/java/com/shopping/app/shared/authentication/Login.java","fileName":"Login.java"}}]}#appfire#I#appfire#2CO6M2VLJDSV4VZJVRDFJQ#appfire#FCCC71C8-244B-48DD-ADCB-220BA5705C7D#appfire#1#appfire#\N#appfire#2015-12-04 09:35:05#appfire#\N#appfire#2015-12-04 09:35:05#appfire#1#appfire#1#appfire#A85E6804-40CE-4EC0-BDEA-9D311F1158AB
262C3AE9-BDFB-4545-B752-2484208B522B#appfire#LanguageService#appfire#com.shopping.app.server.service.LanguageService#appfire#{"resourceMapping":"/Language","defaultMethodType":"","defaultContentType":""}#appfire#{"repository":{"filePath":"shoppingportal/src/main/java/com/shopping/app/server/service/LanguageService.java","fileName":"LanguageService.java"},"implementInterface":[],"extendsClass":[],"repositories":[{"repository":{"filePath":"shoppingportal/src/main/java/com/shopping/app/server/repository/LanguageRepositoryImpl.java","fileName":"LanguageRepositoryImpl.java"},"implementInterface":[{"filePath":"shoppingportal/src/main/java/com/shopping/app/server/repository/LanguageRepository.java","fileName":"LanguageRepository.java"}],"extendsClass":[{"fileName":"SearchInterfaceImpl.java","filePath":"shoppingportal/src/main/java/com/shopping/app/server/repository/SearchInterfaceImpl.java","isDisplay":false}],"entities":{"filePath":"shoppingportal/src/main/java/com/shopping/app/shared/location/Language.java","fileName":"Language.java"}}]}#appfire#I#appfire#2CO6M2VLJDSV4VZJVRDFJQ#appfire#FCCC71C8-244B-48DD-ADCB-220BA5705C7D#appfire#1#appfire#\N#appfire#2015-12-04 09:34:29#appfire#\N#appfire#2015-12-04 09:34:29#appfire#1#appfire#1#appfire#52516887-CA4F-4721-8D83-A9CFB22BB4B8
308ED34F-6C27-4070-BC73-BC2392DD021E#appfire#ItemService#appfire#com.shopping.app.server.service.ItemService#appfire#{"resourceMapping":"/Item","defaultMethodType":"","defaultContentType":""}#appfire#{"repository":{"filePath":"shoppingportal/src/main/java/com/shopping/app/server/service/ItemService.java","fileName":"ItemService.java"},"implementInterface":[],"extendsClass":[],"repositories":[{"repository":{"filePath":"shoppingportal/src/main/java/com/shopping/app/server/repository/ItemRepositoryImpl.java","fileName":"ItemRepositoryImpl.java"},"implementInterface":[{"filePath":"shoppingportal/src/main/java/com/shopping/app/server/repository/ItemRepository.java","fileName":"ItemRepository.java"}],"extendsClass":[{"fileName":"SearchInterfaceImpl.java","filePath":"shoppingportal/src/main/java/com/shopping/app/server/repository/SearchInterfaceImpl.java","isDisplay":false}],"entities":{"filePath":"shoppingportal/src/main/java/com/shopping/app/shared/onlineshopping/Item.java","fileName":"Item.java"}}]}#appfire#I#appfire#2CO6M2VLJDSV4VZJVRDFJQ#appfire#FCCC71C8-244B-48DD-ADCB-220BA5705C7D#appfire#1#appfire#\N#appfire#2015-12-04 09:52:19#appfire#\N#appfire#2015-12-04 09:52:19#appfire#1#appfire#1#appfire#DABBBF5A-FCD5-45C8-98DD-245529DD307F
35300F70-6A0C-4CF7-85E1-2232D274A488#appfire#GenderService#appfire#com.shopping.app.server.service.GenderService#appfire#{"resourceMapping":"/Gender","defaultMethodType":"","defaultContentType":""}#appfire#{"repository":{"filePath":"shoppingportal/src/main/java/com/shopping/app/server/service/GenderService.java","fileName":"GenderService.java"},"implementInterface":[],"extendsClass":[],"repositories":[{"repository":{"filePath":"shoppingportal/src/main/java/com/shopping/app/server/repository/GenderRepositoryImpl.java","fileName":"GenderRepositoryImpl.java"},"implementInterface":[{"filePath":"shoppingportal/src/main/java/com/shopping/app/server/repository/GenderRepository.java","fileName":"GenderRepository.java"}],"extendsClass":[{"fileName":"SearchInterfaceImpl.java","filePath":"shoppingportal/src/main/java/com/shopping/app/server/repository/SearchInterfaceImpl.java","isDisplay":false}],"entities":{"filePath":"shoppingportal/src/main/java/com/shopping/app/shared/contacts/Gender.java","fileName":"Gender.java"}}]}#appfire#I#appfire#2CO6M2VLJDSV4VZJVRDFJQ#appfire#FCCC71C8-244B-48DD-ADCB-220BA5705C7D#appfire#1#appfire#\N#appfire#2015-12-04 09:34:48#appfire#\N#appfire#2015-12-04 09:34:48#appfire#1#appfire#1#appfire#942E80E4-735F-477F-96B9-C430AE263AAE
39B7B03E-06A5-4AE6-8E95-EB5397B736FF#appfire#ContactTypeService#appfire#com.shopping.app.server.service.ContactTypeService#appfire#{"resourceMapping":"/ContactType","defaultMethodType":"","defaultContentType":""}#appfire#{"repository":{"filePath":"shoppingportal/src/main/java/com/shopping/app/server/service/ContactTypeService.java","fileName":"ContactTypeService.java"},"implementInterface":[],"extendsClass":[],"repositories":[{"repository":{"filePath":"shoppingportal/src/main/java/com/shopping/app/server/repository/ContactTypeRepositoryImpl.java","fileName":"ContactTypeRepositoryImpl.java"},"implementInterface":[{"filePath":"shoppingportal/src/main/java/com/shopping/app/server/repository/ContactTypeRepository.java","fileName":"ContactTypeRepository.java"}],"extendsClass":[{"fileName":"SearchInterfaceImpl.java","filePath":"shoppingportal/src/main/java/com/shopping/app/server/repository/SearchInterfaceImpl.java","isDisplay":false}],"entities":{"filePath":"shoppingportal/src/main/java/com/shopping/app/shared/contacts/ContactType.java","fileName":"ContactType.java"}}]}#appfire#I#appfire#2CO6M2VLJDSV4VZJVRDFJQ#appfire#FCCC71C8-244B-48DD-ADCB-220BA5705C7D#appfire#1#appfire#\N#appfire#2015-12-04 09:34:46#appfire#\N#appfire#2015-12-04 09:34:46#appfire#1#appfire#1#appfire#AF338457-DE17-461A-85AB-C3EB625B1A7C
3B63BC1C-AAC7-4FEC-90A4-FE020CC450EE#appfire#AppCustomerCategoryService#appfire#com.shopping.app.server.service.AppCustomerCategoryService#appfire#{"resourceMapping":"/AppCustomerCategory","defaultMethodType":"","defaultContentType":""}#appfire#{"repository":{"filePath":"shoppingportal/src/main/java/com/shopping/app/server/service/AppCustomerCategoryService.java","fileName":"AppCustomerCategoryService.java"},"implementInterface":[],"extendsClass":[],"repositories":[{"repository":{"filePath":"shoppingportal/src/main/java/com/shopping/app/server/repository/AppCustomerCategoryRepositoryImpl.java","fileName":"AppCustomerCategoryRepositoryImpl.java"},"implementInterface":[{"filePath":"shoppingportal/src/main/java/com/shopping/app/server/repository/AppCustomerCategoryRepository.java","fileName":"AppCustomerCategoryRepository.java"}],"extendsClass":[{"fileName":"SearchInterfaceImpl.java","filePath":"shoppingportal/src/main/java/com/shopping/app/server/repository/SearchInterfaceImpl.java","isDisplay":false}],"entities":{"filePath":"shoppingportal/src/main/java/com/shopping/app/shared/customers/AppCustomerCategory.java","fileName":"AppCustomerCategory.java"}}]}#appfire#I#appfire#2CO6M2VLJDSV4VZJVRDFJQ#appfire#FCCC71C8-244B-48DD-ADCB-220BA5705C7D#appfire#1#appfire#\N#appfire#2015-12-04 09:35:22#appfire#\N#appfire#2015-12-04 09:35:22#appfire#1#appfire#1#appfire#0375ECDF-879F-45A2-96ED-2F3EE2E67BCB
4067171B-1C37-4882-BCF8-6A7A2212ECA6#appfire#QuestionService#appfire#com.shopping.app.server.service.QuestionService#appfire#{"resourceMapping":"/Question","defaultMethodType":"","defaultContentType":""}#appfire#{"repository":{"filePath":"shoppingportal/src/main/java/com/shopping/app/server/service/QuestionService.java","fileName":"QuestionService.java"},"implementInterface":[],"extendsClass":[],"repositories":[{"repository":{"filePath":"shoppingportal/src/main/java/com/shopping/app/server/repository/QuestionRepositoryImpl.java","fileName":"QuestionRepositoryImpl.java"},"implementInterface":[{"filePath":"shoppingportal/src/main/java/com/shopping/app/server/repository/QuestionRepository.java","fileName":"QuestionRepository.java"}],"extendsClass":[{"fileName":"SearchInterfaceImpl.java","filePath":"shoppingportal/src/main/java/com/shopping/app/server/repository/SearchInterfaceImpl.java","isDisplay":false}],"entities":{"filePath":"shoppingportal/src/main/java/com/shopping/app/shared/authentication/Question.java","fileName":"Question.java"}}]}#appfire#I#appfire#2CO6M2VLJDSV4VZJVRDFJQ#appfire#FCCC71C8-244B-48DD-ADCB-220BA5705C7D#appfire#1#appfire#\N#appfire#2015-12-04 09:34:56#appfire#\N#appfire#2015-12-04 09:34:56#appfire#1#appfire#1#appfire#03F5C2C4-5AA3-4B0B-A4F3-F32257F8464D
498E5068-F4C7-48AD-9F94-411C5A41F710#appfire#PasswordPolicyService#appfire#com.shopping.app.server.service.PasswordPolicyService#appfire#{"resourceMapping":"/PasswordPolicy","defaultMethodType":"","defaultContentType":""}#appfire#{"repository":{"filePath":"shoppingportal/src/main/java/com/shopping/app/server/service/PasswordPolicyService.java","fileName":"PasswordPolicyService.java"},"implementInterface":[],"extendsClass":[],"repositories":[{"repository":{"filePath":"shoppingportal/src/main/java/com/shopping/app/server/repository/PasswordPolicyRepositoryImpl.java","fileName":"PasswordPolicyRepositoryImpl.java"},"implementInterface":[{"filePath":"shoppingportal/src/main/java/com/shopping/app/server/repository/PasswordPolicyRepository.java","fileName":"PasswordPolicyRepository.java"}],"extendsClass":[{"fileName":"SearchInterfaceImpl.java","filePath":"shoppingportal/src/main/java/com/shopping/app/server/repository/SearchInterfaceImpl.java","isDisplay":false}],"entities":{"filePath":"shoppingportal/src/main/java/com/shopping/app/shared/authentication/PasswordPolicy.java","fileName":"PasswordPolicy.java"}}]}#appfire#I#appfire#2CO6M2VLJDSV4VZJVRDFJQ#appfire#FCCC71C8-244B-48DD-ADCB-220BA5705C7D#appfire#1#appfire#\N#appfire#2015-12-04 09:34:56#appfire#\N#appfire#2015-12-04 09:34:56#appfire#1#appfire#1#appfire#708EAE21-CB04-48D5-9257-D26B8CB601EE
4F8D2000-33C7-45F5-BB9D-C4C1F9CDAE3B#appfire#AddressTypeService#appfire#com.shopping.app.server.service.AddressTypeService#appfire#{"resourceMapping":"/AddressType","defaultMethodType":"","defaultContentType":""}#appfire#{"repository":{"filePath":"shoppingportal/src/main/java/com/shopping/app/server/service/AddressTypeService.java","fileName":"AddressTypeService.java"},"implementInterface":[],"extendsClass":[],"repositories":[{"repository":{"filePath":"shoppingportal/src/main/java/com/shopping/app/server/repository/AddressTypeRepositoryImpl.java","fileName":"AddressTypeRepositoryImpl.java"},"implementInterface":[{"filePath":"shoppingportal/src/main/java/com/shopping/app/server/repository/AddressTypeRepository.java","fileName":"AddressTypeRepository.java"}],"extendsClass":[{"fileName":"SearchInterfaceImpl.java","filePath":"shoppingportal/src/main/java/com/shopping/app/server/repository/SearchInterfaceImpl.java","isDisplay":false}],"entities":{"filePath":"shoppingportal/src/main/java/com/shopping/app/shared/location/AddressType.java","fileName":"AddressType.java"}}]}#appfire#I#appfire#2CO6M2VLJDSV4VZJVRDFJQ#appfire#FCCC71C8-244B-48DD-ADCB-220BA5705C7D#appfire#1#appfire#\N#appfire#2015-12-04 09:34:42#appfire#\N#appfire#2015-12-04 09:34:42#appfire#1#appfire#1#appfire#89C2B50D-4837-429C-B1B1-BC384E3D5145
5DBE6E8D-0279-4166-94C4-24D645A4C6FA#appfire#CoreContactsService#appfire#com.shopping.app.server.service.CoreContactsService#appfire#{"resourceMapping":"/CoreContacts","defaultMethodType":"","defaultContentType":""}#appfire#{"repository":{"filePath":"shoppingportal/src/main/java/com/shopping/app/server/service/CoreContactsService.java","fileName":"CoreContactsService.java"},"implementInterface":[],"extendsClass":[],"repositories":[{"repository":{"filePath":"shoppingportal/src/main/java/com/shopping/app/server/repository/CoreContactsRepositoryImpl.java","fileName":"CoreContactsRepositoryImpl.java"},"implementInterface":[{"filePath":"shoppingportal/src/main/java/com/shopping/app/server/repository/CoreContactsRepository.java","fileName":"CoreContactsRepository.java"}],"extendsClass":[{"fileName":"SearchInterfaceImpl.java","filePath":"shoppingportal/src/main/java/com/shopping/app/server/repository/SearchInterfaceImpl.java","isDisplay":false}],"entities":{"filePath":"shoppingportal/src/main/java/com/shopping/app/shared/contacts/CoreContacts.java","fileName":"CoreContacts.java"}}]}#appfire#I#appfire#2CO6M2VLJDSV4VZJVRDFJQ#appfire#FCCC71C8-244B-48DD-ADCB-220BA5705C7D#appfire#1#appfire#\N#appfire#2015-12-04 09:34:51#appfire#\N#appfire#2015-12-04 09:34:51#appfire#1#appfire#1#appfire#044DE424-E201-4B12-B369-0F3143CA9252
600B9270-1845-4E00-B31D-53CDFC930FD3#appfire#TitleService#appfire#com.shopping.app.server.service.TitleService#appfire#{"resourceMapping":"/Title","defaultMethodType":"","defaultContentType":""}#appfire#{"repository":{"filePath":"shoppingportal/src/main/java/com/shopping/app/server/service/TitleService.java","fileName":"TitleService.java"},"implementInterface":[],"extendsClass":[],"repositories":[{"repository":{"filePath":"shoppingportal/src/main/java/com/shopping/app/server/repository/TitleRepositoryImpl.java","fileName":"TitleRepositoryImpl.java"},"implementInterface":[{"filePath":"shoppingportal/src/main/java/com/shopping/app/server/repository/TitleRepository.java","fileName":"TitleRepository.java"}],"extendsClass":[{"fileName":"SearchInterfaceImpl.java","filePath":"shoppingportal/src/main/java/com/shopping/app/server/repository/SearchInterfaceImpl.java","isDisplay":false}],"entities":{"filePath":"shoppingportal/src/main/java/com/shopping/app/shared/contacts/Title.java","fileName":"Title.java"}}]}#appfire#I#appfire#2CO6M2VLJDSV4VZJVRDFJQ#appfire#FCCC71C8-244B-48DD-ADCB-220BA5705C7D#appfire#1#appfire#\N#appfire#2015-12-04 09:34:49#appfire#\N#appfire#2015-12-04 09:34:49#appfire#1#appfire#1#appfire#3456500A-0964-407D-99A5-9D28A122E225
657B2844-4ECC-4090-85AE-49499BD9123D#appfire#CityService#appfire#com.shopping.app.server.service.CityService#appfire#{"resourceMapping":"/City","defaultMethodType":"","defaultContentType":""}#appfire#{"repository":{"filePath":"shoppingportal/src/main/java/com/shopping/app/server/service/CityService.java","fileName":"CityService.java"},"implementInterface":[],"extendsClass":[],"repositories":[{"repository":{"filePath":"shoppingportal/src/main/java/com/shopping/app/server/repository/CityRepositoryImpl.java","fileName":"CityRepositoryImpl.java"},"implementInterface":[{"filePath":"shoppingportal/src/main/java/com/shopping/app/server/repository/CityRepository.java","fileName":"CityRepository.java"}],"extendsClass":[{"fileName":"SearchInterfaceImpl.java","filePath":"shoppingportal/src/main/java/com/shopping/app/server/repository/SearchInterfaceImpl.java","isDisplay":false}],"entities":{"filePath":"shoppingportal/src/main/java/com/shopping/app/shared/location/City.java","fileName":"City.java"}}]}#appfire#I#appfire#2CO6M2VLJDSV4VZJVRDFJQ#appfire#FCCC71C8-244B-48DD-ADCB-220BA5705C7D#appfire#1#appfire#\N#appfire#2015-12-04 09:34:36#appfire#\N#appfire#2015-12-04 09:34:36#appfire#1#appfire#1#appfire#5B83D8C3-5507-4C18-923D-82D07A66C230
722240B0-4A20-4463-8143-0275D8F2216B#appfire#UserAccessLevelService#appfire#com.shopping.app.server.service.UserAccessLevelService#appfire#{"resourceMapping":"/UserAccessLevel","defaultMethodType":"","defaultContentType":""}#appfire#{"repository":{"filePath":"shoppingportal/src/main/java/com/shopping/app/server/service/UserAccessLevelService.java","fileName":"UserAccessLevelService.java"},"implementInterface":[],"extendsClass":[],"repositories":[{"repository":{"filePath":"shoppingportal/src/main/java/com/shopping/app/server/repository/UserAccessLevelRepositoryImpl.java","fileName":"UserAccessLevelRepositoryImpl.java"},"implementInterface":[{"filePath":"shoppingportal/src/main/java/com/shopping/app/server/repository/UserAccessLevelRepository.java","fileName":"UserAccessLevelRepository.java"}],"extendsClass":[{"fileName":"SearchInterfaceImpl.java","filePath":"shoppingportal/src/main/java/com/shopping/app/server/repository/SearchInterfaceImpl.java","isDisplay":false}],"entities":{"filePath":"shoppingportal/src/main/java/com/shopping/app/shared/authentication/UserAccessLevel.java","fileName":"UserAccessLevel.java"}}]}#appfire#I#appfire#2CO6M2VLJDSV4VZJVRDFJQ#appfire#FCCC71C8-244B-48DD-ADCB-220BA5705C7D#appfire#1#appfire#\N#appfire#2015-12-04 09:34:57#appfire#\N#appfire#2015-12-04 09:34:57#appfire#1#appfire#1#appfire#1AC10DAE-0F8B-4DD2-9712-287E2EF574A6
93FF3ABF-1271-4A8D-976E-001369F1C6B8#appfire#RolesService#appfire#com.shopping.app.server.service.RolesService#appfire#{"resourceMapping":"/Roles","defaultMethodType":"","defaultContentType":""}#appfire#{"repository":{"filePath":"shoppingportal/src/main/java/com/shopping/app/server/service/RolesService.java","fileName":"RolesService.java"},"implementInterface":[],"extendsClass":[],"repositories":[{"repository":{"filePath":"shoppingportal/src/main/java/com/shopping/app/server/repository/RolesRepositoryImpl.java","fileName":"RolesRepositoryImpl.java"},"implementInterface":[{"filePath":"shoppingportal/src/main/java/com/shopping/app/server/repository/RolesRepository.java","fileName":"RolesRepository.java"}],"extendsClass":[{"fileName":"SearchInterfaceImpl.java","filePath":"shoppingportal/src/main/java/com/shopping/app/server/repository/SearchInterfaceImpl.java","isDisplay":false}],"entities":{"filePath":"shoppingportal/src/main/java/com/shopping/app/shared/authorization/Roles.java","fileName":"Roles.java"}}]}#appfire#I#appfire#2CO6M2VLJDSV4VZJVRDFJQ#appfire#FCCC71C8-244B-48DD-ADCB-220BA5705C7D#appfire#1#appfire#\N#appfire#2015-12-04 09:35:15#appfire#\N#appfire#2015-12-04 09:35:15#appfire#1#appfire#1#appfire#5E995438-0949-4CC8-9138-20FDEA3F4AE5
A186D1D3-49A2-4D4B-820D-BC2C38A69B68#appfire#TalukaService#appfire#com.shopping.app.server.service.TalukaService#appfire#{"resourceMapping":"/Taluka","defaultMethodType":"","defaultContentType":""}#appfire#{"repository":{"filePath":"shoppingportal/src/main/java/com/shopping/app/server/service/TalukaService.java","fileName":"TalukaService.java"},"implementInterface":[],"extendsClass":[],"repositories":[{"repository":{"filePath":"shoppingportal/src/main/java/com/shopping/app/server/repository/TalukaRepositoryImpl.java","fileName":"TalukaRepositoryImpl.java"},"implementInterface":[{"filePath":"shoppingportal/src/main/java/com/shopping/app/server/repository/TalukaRepository.java","fileName":"TalukaRepository.java"}],"extendsClass":[{"fileName":"SearchInterfaceImpl.java","filePath":"shoppingportal/src/main/java/com/shopping/app/server/repository/SearchInterfaceImpl.java","isDisplay":false}],"entities":{"filePath":"shoppingportal/src/main/java/com/shopping/app/shared/location/Taluka.java","fileName":"Taluka.java"}}]}#appfire#I#appfire#2CO6M2VLJDSV4VZJVRDFJQ#appfire#FCCC71C8-244B-48DD-ADCB-220BA5705C7D#appfire#1#appfire#\N#appfire#2015-12-04 09:34:37#appfire#\N#appfire#2015-12-04 09:34:37#appfire#1#appfire#1#appfire#59E11B0F-C8D4-48CB-99DD-D1871C44F2C3
B3FDDA2D-A51E-485C-BA05-FCAA30D96E40#appfire#AppCustomerTypeService#appfire#com.shopping.app.server.service.AppCustomerTypeService#appfire#{"resourceMapping":"/AppCustomerType","defaultMethodType":"","defaultContentType":""}#appfire#{"repository":{"filePath":"shoppingportal/src/main/java/com/shopping/app/server/service/AppCustomerTypeService.java","fileName":"AppCustomerTypeService.java"},"implementInterface":[],"extendsClass":[],"repositories":[{"repository":{"filePath":"shoppingportal/src/main/java/com/shopping/app/server/repository/AppCustomerTypeRepositoryImpl.java","fileName":"AppCustomerTypeRepositoryImpl.java"},"implementInterface":[{"filePath":"shoppingportal/src/main/java/com/shopping/app/server/repository/AppCustomerTypeRepository.java","fileName":"AppCustomerTypeRepository.java"}],"extendsClass":[{"fileName":"SearchInterfaceImpl.java","filePath":"shoppingportal/src/main/java/com/shopping/app/server/repository/SearchInterfaceImpl.java","isDisplay":false}],"entities":{"filePath":"shoppingportal/src/main/java/com/shopping/app/shared/customers/AppCustomerType.java","fileName":"AppCustomerType.java"}}]}#appfire#I#appfire#2CO6M2VLJDSV4VZJVRDFJQ#appfire#FCCC71C8-244B-48DD-ADCB-220BA5705C7D#appfire#1#appfire#\N#appfire#2015-12-04 09:35:22#appfire#\N#appfire#2015-12-04 09:35:22#appfire#1#appfire#1#appfire#20171CE7-7AC5-4B37-A886-DF8FF3398C33
B6912EC0-1036-4E29-840C-F3A5CAA62CC9#appfire#StateService#appfire#com.shopping.app.server.service.StateService#appfire#{"resourceMapping":"/State","defaultMethodType":"","defaultContentType":""}#appfire#{"repository":{"filePath":"shoppingportal/src/main/java/com/shopping/app/server/service/StateService.java","fileName":"StateService.java"},"implementInterface":[],"extendsClass":[],"repositories":[{"repository":{"filePath":"shoppingportal/src/main/java/com/shopping/app/server/repository/StateRepositoryImpl.java","fileName":"StateRepositoryImpl.java"},"implementInterface":[{"filePath":"shoppingportal/src/main/java/com/shopping/app/server/repository/StateRepository.java","fileName":"StateRepository.java"}],"extendsClass":[{"fileName":"SearchInterfaceImpl.java","filePath":"shoppingportal/src/main/java/com/shopping/app/server/repository/SearchInterfaceImpl.java","isDisplay":false}],"entities":{"filePath":"shoppingportal/src/main/java/com/shopping/app/shared/location/State.java","fileName":"State.java"}}]}#appfire#I#appfire#2CO6M2VLJDSV4VZJVRDFJQ#appfire#FCCC71C8-244B-48DD-ADCB-220BA5705C7D#appfire#1#appfire#\N#appfire#2015-12-04 09:34:31#appfire#\N#appfire#2015-12-04 09:34:31#appfire#1#appfire#1#appfire#9A96A637-FD7B-4A02-A960-093AE6418501
BA4A68F8-6E44-40B7-B8C4-181C077C57EA#appfire#PasswordAlgoService#appfire#com.shopping.app.server.service.PasswordAlgoService#appfire#{"resourceMapping":"/PasswordAlgo","defaultMethodType":"","defaultContentType":""}#appfire#{"repository":{"filePath":"shoppingportal/src/main/java/com/shopping/app/server/service/PasswordAlgoService.java","fileName":"PasswordAlgoService.java"},"implementInterface":[],"extendsClass":[],"repositories":[{"repository":{"filePath":"shoppingportal/src/main/java/com/shopping/app/server/repository/PasswordAlgoRepositoryImpl.java","fileName":"PasswordAlgoRepositoryImpl.java"},"implementInterface":[{"filePath":"shoppingportal/src/main/java/com/shopping/app/server/repository/PasswordAlgoRepository.java","fileName":"PasswordAlgoRepository.java"}],"extendsClass":[{"fileName":"SearchInterfaceImpl.java","filePath":"shoppingportal/src/main/java/com/shopping/app/server/repository/SearchInterfaceImpl.java","isDisplay":false}],"entities":{"filePath":"shoppingportal/src/main/java/com/shopping/app/shared/authentication/PasswordAlgo.java","fileName":"PasswordAlgo.java"}}]}#appfire#I#appfire#2CO6M2VLJDSV4VZJVRDFJQ#appfire#FCCC71C8-244B-48DD-ADCB-220BA5705C7D#appfire#1#appfire#\N#appfire#2015-12-04 09:34:55#appfire#\N#appfire#2015-12-04 09:34:55#appfire#1#appfire#1#appfire#49FAD5E1-721F-4C27-BC51-05F84E991090
C7555C20-363C-4E28-966F-471E2130E22E#appfire#CurrencyService#appfire#com.shopping.app.server.service.CurrencyService#appfire#{"resourceMapping":"/Currency","defaultMethodType":"","defaultContentType":""}#appfire#{"repository":{"filePath":"shoppingportal/src/main/java/com/shopping/app/server/service/CurrencyService.java","fileName":"CurrencyService.java"},"implementInterface":[],"extendsClass":[],"repositories":[{"repository":{"filePath":"shoppingportal/src/main/java/com/shopping/app/server/repository/CurrencyRepositoryImpl.java","fileName":"CurrencyRepositoryImpl.java"},"implementInterface":[{"filePath":"shoppingportal/src/main/java/com/shopping/app/server/repository/CurrencyRepository.java","fileName":"CurrencyRepository.java"}],"extendsClass":[{"fileName":"SearchInterfaceImpl.java","filePath":"shoppingportal/src/main/java/com/shopping/app/server/repository/SearchInterfaceImpl.java","isDisplay":false}],"entities":{"filePath":"shoppingportal/src/main/java/com/shopping/app/shared/location/Currency.java","fileName":"Currency.java"}}]}#appfire#I#appfire#2CO6M2VLJDSV4VZJVRDFJQ#appfire#FCCC71C8-244B-48DD-ADCB-220BA5705C7D#appfire#1#appfire#\N#appfire#2015-12-04 09:34:30#appfire#\N#appfire#2015-12-04 09:34:30#appfire#1#appfire#1#appfire#86D8F240-8F2D-4746-9646-6BD72760B6E8
CDF696B0-90B1-4132-8FBA-519AAF71CB73#appfire#AppCustomerService#appfire#com.shopping.app.server.service.AppCustomerService#appfire#{"resourceMapping":"/AppCustomer","defaultMethodType":"","defaultContentType":""}#appfire#{"repository":{"filePath":"shoppingportal/src/main/java/com/shopping/app/server/service/AppCustomerService.java","fileName":"AppCustomerService.java"},"implementInterface":[],"extendsClass":[],"repositories":[{"repository":{"filePath":"shoppingportal/src/main/java/com/shopping/app/server/repository/AppCustomerRepositoryImpl.java","fileName":"AppCustomerRepositoryImpl.java"},"implementInterface":[{"filePath":"shoppingportal/src/main/java/com/shopping/app/server/repository/AppCustomerRepository.java","fileName":"AppCustomerRepository.java"}],"extendsClass":[{"fileName":"SearchInterfaceImpl.java","filePath":"shoppingportal/src/main/java/com/shopping/app/server/repository/SearchInterfaceImpl.java","isDisplay":false}],"entities":{"filePath":"shoppingportal/src/main/java/com/shopping/app/shared/customers/AppCustomer.java","fileName":"AppCustomer.java"}}]}#appfire#I#appfire#2CO6M2VLJDSV4VZJVRDFJQ#appfire#FCCC71C8-244B-48DD-ADCB-220BA5705C7D#appfire#1#appfire#\N#appfire#2015-12-04 09:35:23#appfire#\N#appfire#2015-12-04 09:35:23#appfire#1#appfire#1#appfire#40C0FA36-A185-4298-96D8-824EDF4D2776
DD3C8D61-142F-499A-B6BB-038A020BF8E9#appfire#CountryService#appfire#com.shopping.app.server.service.CountryService#appfire#{"resourceMapping":"/Country","defaultMethodType":"","defaultContentType":""}#appfire#{"repository":{"filePath":"shoppingportal/src/main/java/com/shopping/app/server/service/CountryService.java","fileName":"CountryService.java"},"implementInterface":[],"extendsClass":[],"repositories":[{"repository":{"filePath":"shoppingportal/src/main/java/com/shopping/app/server/repository/CountryRepositoryImpl.java","fileName":"CountryRepositoryImpl.java"},"implementInterface":[{"filePath":"shoppingportal/src/main/java/com/shopping/app/server/repository/CountryRepository.java","fileName":"CountryRepository.java"}],"extendsClass":[{"fileName":"SearchInterfaceImpl.java","filePath":"shoppingportal/src/main/java/com/shopping/app/server/repository/SearchInterfaceImpl.java","isDisplay":false}],"entities":{"filePath":"shoppingportal/src/main/java/com/shopping/app/shared/location/Country.java","fileName":"Country.java"}}]}#appfire#I#appfire#2CO6M2VLJDSV4VZJVRDFJQ#appfire#FCCC71C8-244B-48DD-ADCB-220BA5705C7D#appfire#1#appfire#\N#appfire#2015-12-04 09:34:30#appfire#\N#appfire#2015-12-04 09:34:30#appfire#1#appfire#1#appfire#7823C8AB-2FB1-452A-AA54-4FDA71E48DCD
DDB65F83-CFEA-40A8-B3AA-FD02F1C73FDF#appfire#UserRoleBridgeService#appfire#com.shopping.app.server.service.UserRoleBridgeService#appfire#{"resourceMapping":"/UserRoleBridge","defaultMethodType":"","defaultContentType":""}#appfire#{"repository":{"filePath":"shoppingportal/src/main/java/com/shopping/app/server/service/UserRoleBridgeService.java","fileName":"UserRoleBridgeService.java"},"implementInterface":[],"extendsClass":[],"repositories":[{"repository":{"filePath":"shoppingportal/src/main/java/com/shopping/app/server/repository/UserRoleBridgeRepositoryImpl.java","fileName":"UserRoleBridgeRepositoryImpl.java"},"implementInterface":[{"filePath":"shoppingportal/src/main/java/com/shopping/app/server/repository/UserRoleBridgeRepository.java","fileName":"UserRoleBridgeRepository.java"}],"extendsClass":[{"fileName":"SearchInterfaceImpl.java","filePath":"shoppingportal/src/main/java/com/shopping/app/server/repository/SearchInterfaceImpl.java","isDisplay":false}],"entities":{"filePath":"shoppingportal/src/main/java/com/shopping/app/shared/authorization/UserRoleBridge.java","fileName":"UserRoleBridge.java"}}]}#appfire#I#appfire#2CO6M2VLJDSV4VZJVRDFJQ#appfire#FCCC71C8-244B-48DD-ADCB-220BA5705C7D#appfire#1#appfire#\N#appfire#2015-12-04 09:35:20#appfire#\N#appfire#2015-12-04 09:35:20#appfire#1#appfire#1#appfire#D994ABA6-BE40-48A0-AEC6-46B7C2297A8C
E8A98C76-1D39-4C46-9393-1AFD0B077C1B#appfire#TimezoneService#appfire#com.shopping.app.server.service.TimezoneService#appfire#{"resourceMapping":"/Timezone","defaultMethodType":"","defaultContentType":""}#appfire#{"repository":{"filePath":"shoppingportal/src/main/java/com/shopping/app/server/service/TimezoneService.java","fileName":"TimezoneService.java"},"implementInterface":[],"extendsClass":[],"repositories":[{"repository":{"filePath":"shoppingportal/src/main/java/com/shopping/app/server/repository/TimezoneRepositoryImpl.java","fileName":"TimezoneRepositoryImpl.java"},"implementInterface":[{"filePath":"shoppingportal/src/main/java/com/shopping/app/server/repository/TimezoneRepository.java","fileName":"TimezoneRepository.java"}],"extendsClass":[{"fileName":"SearchInterfaceImpl.java","filePath":"shoppingportal/src/main/java/com/shopping/app/server/repository/SearchInterfaceImpl.java","isDisplay":false}],"entities":{"filePath":"shoppingportal/src/main/java/com/shopping/app/shared/location/Timezone.java","fileName":"Timezone.java"}}]}#appfire#I#appfire#2CO6M2VLJDSV4VZJVRDFJQ#appfire#FCCC71C8-244B-48DD-ADCB-220BA5705C7D#appfire#1#appfire#\N#appfire#2015-12-04 09:34:29#appfire#\N#appfire#2015-12-04 09:34:29#appfire#1#appfire#1#appfire#35D367DD-34FC-4C73-B15C-03433158FB12
F1FDF68C-D6DE-44CD-B578-2CFE52C38894#appfire#AppMenusService#appfire#com.shopping.app.server.service.AppMenusService#appfire#{"resourceMapping":"/AppMenus","defaultMethodType":"","defaultContentType":""}#appfire#{"repository":{"filePath":"shoppingportal/src/main/java/com/shopping/app/server/service/AppMenusService.java","fileName":"AppMenusService.java"},"implementInterface":[],"extendsClass":[],"repositories":[{"repository":{"filePath":"shoppingportal/src/main/java/com/shopping/app/server/repository/AppMenusRepositoryImpl.java","fileName":"AppMenusRepositoryImpl.java"},"implementInterface":[{"filePath":"shoppingportal/src/main/java/com/shopping/app/server/repository/AppMenusRepository.java","fileName":"AppMenusRepository.java"}],"extendsClass":[{"fileName":"SearchInterfaceImpl.java","filePath":"shoppingportal/src/main/java/com/shopping/app/server/repository/SearchInterfaceImpl.java","isDisplay":false}],"entities":{"filePath":"shoppingportal/src/main/java/com/shopping/app/shared/authorization/AppMenus.java","fileName":"AppMenus.java"}}]}#appfire#I#appfire#2CO6M2VLJDSV4VZJVRDFJQ#appfire#FCCC71C8-244B-48DD-ADCB-220BA5705C7D#appfire#1#appfire#\N#appfire#2015-12-04 09:35:16#appfire#\N#appfire#2015-12-04 09:35:16#appfire#1#appfire#1#appfire#DE67BC17-C0E5-4D6A-A2C1-0384102E55CE
F2365942-63BE-4DF0-811B-2DB9286F2A2D#appfire#DistrictService#appfire#com.shopping.app.server.service.DistrictService#appfire#{"resourceMapping":"/District","defaultMethodType":"","defaultContentType":""}#appfire#{"repository":{"filePath":"shoppingportal/src/main/java/com/shopping/app/server/service/DistrictService.java","fileName":"DistrictService.java"},"implementInterface":[],"extendsClass":[],"repositories":[{"repository":{"filePath":"shoppingportal/src/main/java/com/shopping/app/server/repository/DistrictRepositoryImpl.java","fileName":"DistrictRepositoryImpl.java"},"implementInterface":[{"filePath":"shoppingportal/src/main/java/com/shopping/app/server/repository/DistrictRepository.java","fileName":"DistrictRepository.java"}],"extendsClass":[{"fileName":"SearchInterfaceImpl.java","filePath":"shoppingportal/src/main/java/com/shopping/app/server/repository/SearchInterfaceImpl.java","isDisplay":false}],"entities":{"filePath":"shoppingportal/src/main/java/com/shopping/app/shared/location/District.java","fileName":"District.java"}}]}#appfire#I#appfire#2CO6M2VLJDSV4VZJVRDFJQ#appfire#FCCC71C8-244B-48DD-ADCB-220BA5705C7D#appfire#1#appfire#\N#appfire#2015-12-04 09:34:34#appfire#\N#appfire#2015-12-04 09:34:34#appfire#1#appfire#1#appfire#963880B8-144A-4493-9EB7-A6DE68030D50
FA9D355F-3569-4604-A22C-CCCFECEAB295#appfire#RegionService#appfire#com.shopping.app.server.service.RegionService#appfire#{"resourceMapping":"/Region","defaultMethodType":"","defaultContentType":""}#appfire#{"repository":{"filePath":"shoppingportal/src/main/java/com/shopping/app/server/service/RegionService.java","fileName":"RegionService.java"},"implementInterface":[],"extendsClass":[],"repositories":[{"repository":{"filePath":"shoppingportal/src/main/java/com/shopping/app/server/repository/RegionRepositoryImpl.java","fileName":"RegionRepositoryImpl.java"},"implementInterface":[{"filePath":"shoppingportal/src/main/java/com/shopping/app/server/repository/RegionRepository.java","fileName":"RegionRepository.java"}],"extendsClass":[{"fileName":"SearchInterfaceImpl.java","filePath":"shoppingportal/src/main/java/com/shopping/app/server/repository/SearchInterfaceImpl.java","isDisplay":false}],"entities":{"filePath":"shoppingportal/src/main/java/com/shopping/app/shared/location/Region.java","fileName":"Region.java"}}]}#appfire#I#appfire#2CO6M2VLJDSV4VZJVRDFJQ#appfire#FCCC71C8-244B-48DD-ADCB-220BA5705C7D#appfire#1#appfire#\N#appfire#2015-12-04 09:34:32#appfire#\N#appfire#2015-12-04 09:34:32#appfire#1#appfire#1#appfire#35ACDCD4-1418-472C-9320-E8FCC5BABD02
FEDB7C83-97B3-4CFF-94C1-CD81A97A29D5#appfire#CommunicationTypeService#appfire#com.shopping.app.server.service.CommunicationTypeService#appfire#{"resourceMapping":"/CommunicationType","defaultMethodType":"","defaultContentType":""}#appfire#{"repository":{"filePath":"shoppingportal/src/main/java/com/shopping/app/server/service/CommunicationTypeService.java","fileName":"CommunicationTypeService.java"},"implementInterface":[],"extendsClass":[],"repositories":[{"repository":{"filePath":"shoppingportal/src/main/java/com/shopping/app/server/repository/CommunicationTypeRepositoryImpl.java","fileName":"CommunicationTypeRepositoryImpl.java"},"implementInterface":[{"filePath":"shoppingportal/src/main/java/com/shopping/app/server/repository/CommunicationTypeRepository.java","fileName":"CommunicationTypeRepository.java"}],"extendsClass":[{"fileName":"SearchInterfaceImpl.java","filePath":"shoppingportal/src/main/java/com/shopping/app/server/repository/SearchInterfaceImpl.java","isDisplay":false}],"entities":{"filePath":"shoppingportal/src/main/java/com/shopping/app/shared/contacts/CommunicationType.java","fileName":"CommunicationType.java"}}]}#appfire#I#appfire#2CO6M2VLJDSV4VZJVRDFJQ#appfire#FCCC71C8-244B-48DD-ADCB-220BA5705C7D#appfire#1#appfire#\N#appfire#2015-12-04 09:34:47#appfire#\N#appfire#2015-12-04 09:34:47#appfire#1#appfire#1#appfire#5ED1012B-7AFB-449D-A63B-DACAFFBEABB7
FF6D6BDD-5F59-4598-A080-E32E83BE8571#appfire#AddressService#appfire#com.shopping.app.server.service.AddressService#appfire#{"resourceMapping":"/Address","defaultMethodType":"","defaultContentType":""}#appfire#{"repository":{"filePath":"shoppingportal/src/main/java/com/shopping/app/server/service/AddressService.java","fileName":"AddressService.java"},"implementInterface":[],"extendsClass":[],"repositories":[{"repository":{"filePath":"shoppingportal/src/main/java/com/shopping/app/server/repository/AddressRepositoryImpl.java","fileName":"AddressRepositoryImpl.java"},"implementInterface":[{"filePath":"shoppingportal/src/main/java/com/shopping/app/server/repository/AddressRepository.java","fileName":"AddressRepository.java"}],"extendsClass":[{"fileName":"SearchInterfaceImpl.java","filePath":"shoppingportal/src/main/java/com/shopping/app/server/repository/SearchInterfaceImpl.java","isDisplay":false}],"entities":{"filePath":"shoppingportal/src/main/java/com/shopping/app/shared/location/Address.java","fileName":"Address.java"}}]}#appfire#I#appfire#2CO6M2VLJDSV4VZJVRDFJQ#appfire#FCCC71C8-244B-48DD-ADCB-220BA5705C7D#appfire#1#appfire#\N#appfire#2015-12-04 09:34:44#appfire#\N#appfire#2015-12-04 09:34:44#appfire#1#appfire#1#appfire#3E574473-161B-490D-B59C-7D96C91766A8
